anchor,recommendation_1,recommendation_2,recommendation_3
25.jpg,177.jpg,178.jpg,135.jpg
26.jpg,177.jpg,178.jpg,135.jpg
31.jpg,33.jpg,182.jpg,189.jpg
32.jpg,33.jpg,182.jpg,189.jpg
33.jpg,31.jpg,170.jpg,180.jpg
34.jpg,136.jpg,137.jpg,141.jpg
35.jpg,185.jpg,92.jpg,96.jpg
39.jpg,159.jpg,161.jpg,117.jpg
42.jpg,97.jpg,168.jpg,166.jpg
43.jpg,166.jpg,149.jpg,117.jpg
45.jpg,186.jpg,42.jpg,43.jpg
71.jpg,186.jpg,42.jpg,43.jpg
72.jpg,141.jpg,101.jpg,93.jpg
75.jpg,135.jpg,178.jpg,177.jpg
76.jpg,135.jpg,178.jpg,177.jpg
77.jpg,177.jpg,178.jpg,135.jpg
78.jpg,177.jpg,178.jpg,135.jpg
79.jpg,134.jpg,39.jpg,139.jpg
80.jpg,134.jpg,39.jpg,139.jpg
83.jpg,134.jpg,176.jpg,35.jpg
84.jpg,134.jpg,176.jpg,35.jpg
92.jpg,96.jpg,185.jpg,35.jpg
93.jpg,95.jpg,187.jpg,100.jpg
95.jpg,93.jpg,182.jpg,165.jpg
96.jpg,93.jpg,138.jpg,92.jpg
97.jpg,42.jpg,179.jpg,176.jpg
100.jpg,93.jpg,138.jpg,142.jpg
101.jpg,34.jpg,72.jpg,141.jpg
102.jpg,42.jpg,179.jpg,176.jpg
115.jpg,179.jpg,42.jpg,43.jpg
116.jpg,179.jpg,42.jpg,43.jpg
117.jpg,134.jpg,135.jpg,39.jpg
118.jpg,134.jpg,135.jpg,39.jpg
119.jpg,117.jpg,178.jpg,135.jpg
120.jpg,117.jpg,178.jpg,135.jpg
121.jpg,134.jpg,140.jpg,142.jpg
122.jpg,134.jpg,140.jpg,142.jpg
123.jpg,43.jpg,186.jpg,135.jpg
124.jpg,43.jpg,186.jpg,135.jpg
129.jpg,177.jpg,135.jpg,43.jpg
130.jpg,177.jpg,135.jpg,43.jpg
133.jpg,33.jpg,182.jpg,189.jpg
134.jpg,153.jpg,121.jpg,159.jpg
135.jpg,145.jpg,155.jpg,163.jpg
136.jpg,137.jpg,95.jpg,93.jpg
137.jpg,136.jpg,95.jpg,93.jpg
138.jpg,165.jpg,142.jpg,93.jpg
139.jpg,35.jpg,72.jpg,26.jpg
140.jpg,142.jpg,137.jpg,183.jpg
141.jpg,72.jpg,95.jpg,101.jpg
142.jpg,165.jpg,140.jpg,137.jpg
145.jpg,178.jpg,135.jpg,43.jpg
146.jpg,178.jpg,135.jpg,43.jpg
147.jpg,43.jpg,186.jpg,135.jpg
148.jpg,43.jpg,186.jpg,135.jpg
149.jpg,135.jpg,178.jpg,43.jpg
150.jpg,135.jpg,178.jpg,43.jpg
153.jpg,134.jpg,39.jpg,186.jpg
154.jpg,134.jpg,39.jpg,186.jpg
155.jpg,135.jpg,43.jpg,39.jpg
156.jpg,135.jpg,43.jpg,39.jpg
157.jpg,135.jpg,43.jpg,39.jpg
158.jpg,135.jpg,43.jpg,39.jpg
159.jpg,134.jpg,39.jpg,186.jpg
160.jpg,134.jpg,39.jpg,186.jpg
161.jpg,134.jpg,39.jpg,186.jpg
162.jpg,134.jpg,39.jpg,186.jpg
163.jpg,177.jpg,135.jpg,178.jpg
164.jpg,177.jpg,135.jpg,178.jpg
165.jpg,138.jpg,142.jpg,93.jpg
166.jpg,43.jpg,186.jpg,179.jpg
167.jpg,43.jpg,186.jpg,179.jpg
168.jpg,179.jpg,42.jpg,176.jpg
169.jpg,179.jpg,42.jpg,176.jpg
170.jpg,33.jpg,182.jpg,189.jpg
171.jpg,33.jpg,182.jpg,189.jpg
174.jpg,39.jpg,43.jpg,134.jpg
175.jpg,39.jpg,43.jpg,134.jpg
176.jpg,97.jpg,161.jpg,168.jpg
177.jpg,25.jpg,77.jpg,129.jpg
178.jpg,75.jpg,145.jpg,163.jpg
179.jpg,168.jpg,161.jpg,97.jpg
180.jpg,33.jpg,182.jpg,189.jpg
181.jpg,33.jpg,182.jpg,189.jpg
182.jpg,31.jpg,170.jpg,180.jpg
183.jpg,39.jpg,134.jpg,186.jpg
184.jpg,39.jpg,134.jpg,186.jpg
185.jpg,92.jpg,96.jpg,93.jpg
186.jpg,45.jpg,153.jpg,123.jpg
187.jpg,33.jpg,182.jpg,189.jpg
188.jpg,33.jpg,182.jpg,189.jpg
189.jpg,31.jpg,170.jpg,180.jpg
190.jpg,178.jpg,135.jpg,43.jpg
191.jpg,178.jpg,135.jpg,43.jpg
192.jpg,100.jpg,96.jpg,92.jpg
193.jpg,39.jpg,101.jpg,93.jpg
194.jpg,134.jpg,39.jpg,203.jpg
195.jpg,134.jpg,39.jpg,203.jpg
196.jpg,203.jpg,186.jpg,135.jpg
197.jpg,203.jpg,186.jpg,135.jpg
198.jpg,176.jpg,42.jpg,203.jpg
199.jpg,176.jpg,42.jpg,203.jpg
200.jpg,95.jpg,101.jpg,138.jpg
201.jpg,178.jpg,177.jpg,135.jpg
202.jpg,178.jpg,177.jpg,135.jpg
203.jpg,45.jpg,159.jpg,192.jpg
